booking_id,customer_id,driver_id,cab_id,booking_time,start_time,end_time,status
1,69,97,93,2025-02-09 20:12:42,2025-02-09 20:12:42,2025-06-13 02:51:43,Completed
2,9,158,65,2024-10-02 19:24:10,2024-10-02 19:24:10,2025-08-28 22:51:16,Completed
3,132,169,4,2024-12-16 23:07:55,2024-12-16 23:07:55,2025-07-04 03:36:36,Cancelled
4,158,76,29,2025-02-13 09:29:38,2025-02-13 09:29:38,2025-04-16 23:02:57,Completed
5,151,25,171,2024-11-16 15:24:02,2024-11-16 15:24:02,2025-01-17 08:26:38,Completed
6,45,172,147,2025-09-02 16:15:08,,,Completed
7,40,200,93,2025-06-04 23:18:03,,,Cancelled
8,34,187,183,2025-08-30 05:44:59,2025-08-30 05:44:59,2025-09-01 18:33:39,Cancelled
9,133,1,71,2025-06-01 18:02:34,2025-06-01 18:02:34,2025-09-17 19:45:09,Completed
10,154,1,88,2024-09-29 19:34:43,2024-09-29 19:34:43,2025-01-23 07:24:24,Completed
11,141,101,128,2025-09-02 21:56:31,2025-09-02 21:56:31,2025-09-07 21:12:02,Cancelled
12,14,97,146,2025-06-26 04:55:32,2025-06-26 04:55:32,2025-07-16 20:30:43,Cancelled
13,46,40,116,2024-12-02 12:59:33,2024-12-02 12:59:33,2025-03-19 22:05:24,Cancelled
14,185,190,197,2025-08-04 08:40:29,2025-08-04 08:40:29,2025-09-04 11:31:42,Cancelled
15,116,194,161,2024-10-02 09:40:41,2024-10-02 09:40:41,2024-10-26 12:11:16,Cancelled
16,9,17,17,2025-02-18 16:56:07,2025-02-18 16:56:07,2025-06-23 05:29:51,Cancelled
17,68,110,12,2025-05-10 01:48:23,2025-05-10 01:48:23,2025-06-30 07:08:57,Cancelled
18,169,124,69,2024-10-20 14:23:08,2024-10-20 14:23:08,2025-05-25 21:01:25,Completed
19,9,158,160,2025-01-28 06:49:19,2025-01-28 06:49:19,2025-03-09 02:23:55,Completed
20,108,66,15,2025-05-03 06:39:43,2025-05-03 06:39:43,2025-09-17 21:31:12,Completed
21,191,190,124,2024-11-17 15:27:14,2024-11-17 15:27:14,2024-12-06 03:37:17,Cancelled
22,169,26,74,2024-10-10 06:04:07,2024-10-10 06:04:07,2025-06-27 06:29:33,Cancelled
23,81,31,183,2025-01-26 03:34:16,2025-01-26 03:34:16,2025-04-21 18:14:56,Completed
24,94,120,92,2024-10-21 09:31:53,2024-10-21 09:31:53,2025-03-22 23:00:30,Cancelled
25,145,44,88,2025-06-22 07:14:02,2025-06-22 07:14:02,2025-08-15 02:35:28,Cancelled
26,71,62,83,2024-10-09 17:42:20,2024-10-09 17:42:20,2025-08-13 05:41:53,Cancelled
27,36,70,48,2025-05-16 08:12:54,2025-05-16 08:12:54,2025-09-11 17:41:02,Cancelled
28,112,9,122,2024-12-15 03:16:07,2024-12-15 03:16:07,2025-08-19 12:26:33,Cancelled
29,129,183,84,2025-04-02 22:17:43,2025-04-02 22:17:43,2025-05-13 02:12:08,Cancelled
30,87,13,53,2025-05-02 02:20:15,,,Completed
31,24,63,34,2025-06-25 06:45:35,2025-06-25 06:45:35,2025-07-12 18:02:30,Cancelled
32,165,180,190,2025-02-11 00:18:53,2025-02-11 00:18:53,2025-07-13 06:08:50,Completed
33,163,115,67,2025-05-22 10:05:51,2025-05-22 10:05:51,2025-06-26 21:57:24,Cancelled
34,110,59,163,2025-07-27 23:37:02,2025-07-27 23:37:02,2025-08-27 05:14:58,Cancelled
35,13,104,151,2025-01-27 02:39:49,2025-01-27 02:39:49,2025-06-10 01:32:31,Completed
36,39,189,41,2025-09-01 02:44:13,2025-09-01 02:44:13,2025-09-15 07:23:15,Cancelled
37,111,144,82,2024-11-27 13:23:47,2024-11-27 13:23:47,2025-08-17 03:57:38,Completed
38,196,105,127,2025-08-20 10:15:31,2025-08-20 10:15:31,2025-09-03 04:33:55,Cancelled
39,101,84,134,2025-08-06 00:32:57,2025-08-06 00:32:57,2025-08-21 02:25:08,Completed
40,69,171,172,2024-12-19 10:31:32,2024-12-19 10:31:32,2025-04-01 01:42:06,Completed
41,95,135,125,2025-05-14 17:01:34,,,Cancelled
42,65,22,79,2025-01-04 22:26:11,2025-01-04 22:26:11,2025-01-23 16:48:44,Completed
43,102,119,70,2024-10-01 01:36:56,2024-10-01 01:36:56,2025-07-12 20:47:05,Cancelled
44,180,43,189,2025-07-23 17:18:53,2025-07-23 17:18:53,2025-08-10 12:13:27,Completed
45,200,1,148,2025-06-20 23:54:24,,,Cancelled
46,37,142,84,2025-06-18 05:06:55,2025-06-18 05:06:55,2025-09-01 15:38:34,Cancelled
47,70,100,24,2024-11-09 18:38:53,2024-11-09 18:38:53,2025-01-29 09:01:21,Cancelled
48,143,30,172,2025-05-19 08:59:01,2025-05-19 08:59:01,2025-09-02 16:52:50,Cancelled
49,58,95,82,2025-03-12 19:05:17,2025-03-12 19:05:17,2025-04-28 09:18:07,Completed
50,18,83,37,2024-12-02 02:46:27,2024-12-02 02:46:27,2025-05-05 11:25:46,Cancelled
51,125,164,109,2025-09-11 07:03:09,2025-09-11 07:03:09,2025-09-15 03:41:31,Cancelled
52,97,168,125,2024-11-27 21:26:49,2024-11-27 21:26:49,2025-07-20 04:58:04,Completed
53,93,120,135,2024-12-16 19:12:43,2024-12-16 19:12:43,2025-08-12 20:34:06,Cancelled
54,90,18,49,2025-07-14 06:53:49,2025-07-14 06:53:49,2025-08-26 17:49:27,Completed
55,93,125,195,2025-07-13 07:34:29,,,Cancelled
56,138,164,172,2024-11-27 07:21:53,2024-11-27 07:21:53,2025-07-20 16:41:41,Completed
57,47,31,71,2024-10-26 18:53:22,2024-10-26 18:53:22,2025-09-11 23:00:42,Cancelled
58,159,48,141,2024-10-18 22:20:40,2024-10-18 22:20:40,2025-05-02 20:35:06,Completed
59,32,179,5,2025-01-31 15:49:49,2025-01-31 15:49:49,2025-06-29 02:33:45,Cancelled
60,199,15,37,2025-05-28 12:31:53,2025-05-28 12:31:53,2025-07-01 17:44:55,Cancelled
61,150,45,4,2024-09-24 06:14:46,2024-09-24 06:14:46,2024-11-04 09:55:36,Completed
62,35,19,145,2025-08-16 18:19:29,2025-08-16 18:19:29,2025-09-04 02:45:46,Cancelled
63,54,144,69,2025-04-15 00:19:57,2025-04-15 00:19:57,2025-04-18 17:50:18,Completed
64,105,95,192,2025-03-21 22:10:46,2025-03-21 22:10:46,2025-04-05 19:35:34,Completed
65,181,75,24,2024-11-11 08:48:14,2024-11-11 08:48:14,2025-01-02 09:40:42,Cancelled
66,98,194,68,2025-08-28 16:50:00,2025-08-28 16:50:00,2025-09-14 14:03:37,Cancelled
67,100,94,179,2025-08-15 21:14:58,2025-08-15 21:14:58,2025-08-19 00:12:55,Cancelled
68,26,60,90,2024-10-21 06:41:01,2024-10-21 06:41:01,2025-01-03 04:46:30,Completed
69,26,51,70,2024-11-25 08:26:13,2024-11-25 08:26:13,2025-08-09 23:16:57,Cancelled
70,168,87,133,2025-08-24 17:02:39,2025-08-24 17:02:39,2025-09-10 20:16:18,Completed
71,13,87,36,2025-02-01 23:57:35,2025-02-01 23:57:35,2025-03-20 21:05:43,Cancelled
72,61,6,139,2025-02-08 08:15:08,2025-02-08 08:15:08,2025-07-03 18:15:18,Cancelled
73,116,151,80,2025-08-29 11:00:31,2025-08-29 11:00:31,2025-09-02 13:08:46,Cancelled
74,120,154,25,2025-01-27 14:47:05,,,Completed
75,66,185,17,2025-03-09 08:26:38,2025-03-09 08:26:38,2025-08-18 23:05:19,Completed
76,56,112,163,2024-12-24 16:22:30,2024-12-24 16:22:30,2025-05-22 09:35:45,Cancelled
77,74,72,56,2025-01-16 07:28:20,2025-01-16 07:28:20,2025-07-28 05:17:16,Completed
78,193,15,23,2025-05-18 18:28:39,2025-05-18 18:28:39,2025-08-30 01:56:08,Cancelled
79,174,67,73,2025-08-28 10:29:34,2025-08-28 10:29:34,2025-09-16 10:18:43,Cancelled
80,80,138,47,2024-12-23 11:44:50,,,Completed
81,88,77,55,2024-11-25 00:26:24,,,Completed
82,20,16,182,2025-05-11 21:15:50,2025-05-11 21:15:50,2025-08-15 02:50:15,Cancelled
83,42,102,36,2024-10-01 05:44:15,,,Cancelled
84,155,127,53,2025-01-14 09:32:34,2025-01-14 09:32:34,2025-05-15 10:47:02,Completed
85,44,79,24,2025-01-06 17:17:43,2025-01-06 17:17:43,2025-06-13 15:17:04,Completed
86,124,72,113,2024-11-18 07:45:13,2024-11-18 07:45:13,2025-04-19 00:25:49,Cancelled
87,154,122,174,2025-04-08 06:25:37,2025-04-08 06:25:37,2025-04-09 16:16:24,Completed
88,148,43,82,2025-04-03 15:19:24,2025-04-03 15:19:24,2025-09-08 22:07:08,Cancelled
89,13,138,48,2024-10-24 00:14:37,2024-10-24 00:14:37,2025-07-23 16:02:33,Cancelled
90,33,174,178,2025-02-03 17:08:34,2025-02-03 17:08:34,2025-02-22 00:25:35,Cancelled
91,145,4,85,2025-07-17 18:50:00,2025-07-17 18:50:00,2025-09-06 18:48:33,Completed
92,101,147,93,2025-05-14 20:59:06,,,Cancelled
93,85,76,17,2025-03-24 14:37:12,2025-03-24 14:37:12,2025-07-27 01:53:24,Completed
94,141,70,171,2025-03-07 01:05:26,2025-03-07 01:05:26,2025-07-11 02:48:48,Cancelled
95,120,9,88,2025-04-03 00:24:23,2025-04-03 00:24:23,2025-07-28 10:45:52,Completed
96,161,47,118,2025-02-04 03:15:30,2025-02-04 03:15:30,2025-05-06 18:08:10,Cancelled
97,152,137,80,2024-10-07 22:44:27,2024-10-07 22:44:27,2025-02-18 00:01:13,Cancelled
98,3,175,83,2024-10-24 20:49:13,2024-10-24 20:49:13,2025-07-12 17:23:00,Completed
99,67,122,12,2025-09-16 21:40:41,,,Completed
100,162,101,194,2024-10-14 13:29:52,2024-10-14 13:29:52,2024-11-28 22:25:11,Completed
101,48,157,149,2024-10-24 21:51:43,2024-10-24 21:51:43,2024-12-01 13:31:09,Completed
102,113,181,141,2024-09-30 21:09:00,2024-09-30 21:09:00,2024-11-14 07:59:27,Cancelled
103,16,81,167,2025-07-01 05:43:44,2025-07-01 05:43:44,2025-07-03 08:22:46,Completed
104,81,1,81,2025-02-22 20:11:05,2025-02-22 20:11:05,2025-08-16 11:41:35,Completed
105,136,10,13,2025-09-15 06:10:23,2025-09-15 06:10:23,2025-09-17 03:11:57,Completed
106,24,138,190,2025-07-18 22:53:16,,,Completed
107,59,165,157,2025-08-27 16:17:39,2025-08-27 16:17:39,2025-09-17 17:48:59,Completed
108,100,92,147,2025-09-08 00:37:49,2025-09-08 00:37:49,2025-09-15 20:56:48,Completed
109,44,144,26,2025-03-20 15:22:20,2025-03-20 15:22:20,2025-05-13 04:02:05,Completed
110,182,132,107,2025-04-16 15:57:02,2025-04-16 15:57:02,2025-07-22 20:42:20,Cancelled
111,98,74,9,2024-11-05 12:55:48,2024-11-05 12:55:48,2025-03-22 18:13:01,Completed
112,197,151,175,2025-02-01 02:28:00,2025-02-01 02:28:00,2025-06-24 14:26:43,Cancelled
113,97,1,194,2025-05-08 11:39:58,2025-05-08 11:39:58,2025-09-17 01:51:08,Completed
114,120,70,86,2024-12-11 10:49:26,2024-12-11 10:49:26,2025-04-18 07:17:08,Completed
115,156,168,173,2025-05-18 00:44:36,,,Completed
116,64,14,120,2024-12-12 06:28:17,2024-12-12 06:28:17,2025-02-18 04:06:54,Completed
117,3,42,67,2024-10-25 18:05:11,2024-10-25 18:05:11,2025-05-25 12:44:20,Cancelled
118,68,175,156,2025-05-31 10:20:46,2025-05-31 10:20:46,2025-09-05 08:37:18,Cancelled
119,148,178,37,2025-09-17 10:25:12,,,Completed
120,78,3,177,2025-09-15 01:40:49,2025-09-15 01:40:49,2025-09-17 14:27:44,Completed
121,137,34,17,2024-10-16 04:21:55,2024-10-16 04:21:55,2024-10-16 10:44:10,Completed
122,10,96,61,2025-05-07 12:54:42,2025-05-07 12:54:42,2025-06-04 06:48:32,Cancelled
123,22,20,69,2025-02-07 16:29:12,2025-02-07 16:29:12,2025-03-08 19:31:42,Completed
124,192,64,167,2025-05-16 09:39:51,,,Completed
125,118,142,52,2025-04-17 18:10:48,2025-04-17 18:10:48,2025-04-18 05:00:29,Completed
126,153,38,130,2025-06-02 13:35:38,2025-06-02 13:35:38,2025-08-07 05:40:13,Cancelled
127,151,84,17,2025-07-06 03:17:17,2025-07-06 03:17:17,2025-07-08 03:24:24,Completed
128,175,66,93,2024-10-19 22:26:32,2024-10-19 22:26:32,2024-12-26 14:39:38,Cancelled
129,171,1,150,2025-03-12 23:30:20,2025-03-12 23:30:20,2025-05-01 10:30:07,Cancelled
130,38,51,89,2025-09-04 04:09:50,2025-09-04 04:09:50,2025-09-11 18:47:09,Completed
131,178,153,80,2025-04-19 00:17:45,2025-04-19 00:17:45,2025-06-27 04:39:51,Cancelled
132,50,184,111,2024-10-06 03:21:48,2024-10-06 03:21:48,2025-04-13 17:54:30,Cancelled
133,100,2,125,2025-08-05 10:32:00,2025-08-05 10:32:00,2025-08-06 04:00:18,Cancelled
134,91,64,137,2025-04-08 09:31:14,2025-04-08 09:31:14,2025-08-22 03:40:11,Completed
135,113,68,75,2025-08-04 16:05:48,2025-08-04 16:05:48,2025-09-09 06:12:12,Cancelled
136,24,176,12,2025-06-02 20:45:51,2025-06-02 20:45:51,2025-07-31 03:30:00,Cancelled
137,170,138,91,2025-03-27 19:57:58,2025-03-27 19:57:58,2025-08-13 00:02:56,Cancelled
138,163,199,18,2025-05-20 19:25:38,2025-05-20 19:25:38,2025-07-29 20:42:33,Completed
139,116,169,141,2025-04-07 10:45:51,,,Cancelled
140,94,75,52,2025-07-08 16:18:02,2025-07-08 16:18:02,2025-07-23 19:36:41,Cancelled
141,136,44,125,2025-08-28 08:13:17,2025-08-28 08:13:17,2025-09-04 03:47:45,Cancelled
142,26,99,86,2025-03-07 08:29:13,2025-03-07 08:29:13,2025-07-25 04:30:43,Cancelled
143,118,32,48,2024-11-30 02:43:37,2024-11-30 02:43:37,2025-04-27 09:45:59,Completed
144,108,194,159,2025-09-04 22:09:07,2025-09-04 22:09:07,2025-09-17 23:03:07,Completed
145,45,10,28,2025-04-22 12:47:48,2025-04-22 12:47:48,2025-05-21 13:45:20,Cancelled
146,9,175,179,2025-04-06 12:49:10,2025-04-06 12:49:10,2025-09-02 13:14:50,Completed
147,43,151,173,2025-02-12 16:40:04,2025-02-12 16:40:04,2025-05-04 08:44:43,Cancelled
148,92,169,199,2024-09-24 00:02:41,2024-09-24 00:02:41,2024-11-30 11:48:46,Completed
149,62,46,95,2024-11-16 04:12:47,2024-11-16 04:12:47,2025-07-02 08:11:50,Cancelled
150,19,18,92,2024-10-08 12:37:11,2024-10-08 12:37:11,2025-03-23 06:41:24,Cancelled
151,121,177,158,2025-05-27 19:59:54,2025-05-27 19:59:54,2025-06-16 16:34:32,Completed
152,90,12,28,2025-07-04 15:47:28,2025-07-04 15:47:28,2025-07-21 14:55:44,Cancelled
153,76,181,173,2025-05-24 08:12:07,2025-05-24 08:12:07,2025-07-22 02:58:33,Completed
154,14,34,36,2024-12-25 02:49:51,2024-12-25 02:49:51,2025-04-22 04:45:33,Completed
155,98,57,87,2024-10-29 21:43:39,,,Completed
156,188,186,78,2024-12-04 11:51:56,,,Cancelled
157,116,174,70,2025-05-13 10:08:11,2025-05-13 10:08:11,2025-06-27 03:26:33,Cancelled
158,74,192,79,2025-08-16 05:27:13,2025-08-16 05:27:13,2025-08-31 23:06:43,Cancelled
159,76,91,110,2025-07-15 17:38:39,2025-07-15 17:38:39,2025-07-21 09:09:44,Cancelled
160,83,125,77,2025-06-02 17:41:12,2025-06-02 17:41:12,2025-07-12 00:11:32,Completed
161,198,34,32,2025-05-14 09:31:31,2025-05-14 09:31:31,2025-05-27 07:03:52,Completed
162,96,45,43,2024-09-23 05:03:37,2024-09-23 05:03:37,2025-06-06 14:53:12,Cancelled
163,27,199,11,2025-07-08 15:56:28,2025-07-08 15:56:28,2025-07-21 01:33:07,Cancelled
164,137,178,33,2025-01-16 06:48:38,2025-01-16 06:48:38,2025-03-16 01:25:35,Completed
165,151,85,41,2025-08-08 09:12:32,2025-08-08 09:12:32,2025-08-13 10:16:13,Completed
166,10,21,68,2024-10-13 23:14:50,2024-10-13 23:14:50,2025-04-23 01:06:26,Cancelled
167,23,75,105,2025-02-14 01:59:05,2025-02-14 01:59:05,2025-07-03 21:45:10,Cancelled
168,21,63,175,2024-12-15 18:34:23,2024-12-15 18:34:23,2025-09-16 09:53:32,Completed
169,137,80,48,2024-11-02 07:55:46,2024-11-02 07:55:46,2025-02-05 09:55:51,Completed
170,137,14,43,2025-03-01 20:40:35,2025-03-01 20:40:35,2025-04-15 19:47:33,Completed
171,160,50,90,2024-11-08 16:56:22,2024-11-08 16:56:22,2025-01-27 01:33:34,Cancelled
172,125,27,49,2025-04-01 12:25:11,2025-04-01 12:25:11,2025-07-09 06:42:55,Cancelled
173,63,161,173,2024-12-06 18:10:26,,,Cancelled
174,115,131,170,2025-07-26 15:23:51,2025-07-26 15:23:51,2025-08-20 11:37:42,Completed
175,198,55,191,2025-03-06 10:46:54,2025-03-06 10:46:54,2025-09-03 11:14:59,Completed
176,88,148,6,2025-01-10 04:51:03,2025-01-10 04:51:03,2025-05-23 09:02:55,Completed
177,199,6,33,2025-08-16 16:51:04,2025-08-16 16:51:04,2025-09-07 11:10:40,Completed
178,92,137,35,2025-01-16 18:46:39,,,Cancelled
179,18,6,11,2024-12-19 09:21:49,2024-12-19 09:21:49,2025-02-22 07:03:37,Completed
180,158,162,82,2025-05-03 08:37:27,2025-05-03 08:37:27,2025-08-13 10:45:06,Completed
181,91,110,126,2025-01-22 01:52:39,2025-01-22 01:52:39,2025-05-30 19:40:07,Cancelled
182,56,180,57,2024-10-25 11:36:13,2024-10-25 11:36:13,2024-11-25 05:15:13,Cancelled
183,185,52,64,2025-04-18 04:14:34,2025-04-18 04:14:34,2025-09-07 14:36:57,Cancelled
184,198,86,99,2025-04-16 15:38:57,2025-04-16 15:38:57,2025-07-12 12:57:29,Completed
185,100,170,5,2025-06-29 03:03:12,2025-06-29 03:03:12,2025-08-18 01:58:07,Cancelled
186,90,40,75,2025-08-08 10:47:32,2025-08-08 10:47:32,2025-09-13 16:05:12,Cancelled
187,104,185,143,2025-05-04 11:51:55,2025-05-04 11:51:55,2025-07-12 14:31:39,Completed
188,141,185,183,2025-06-21 12:28:10,2025-06-21 12:28:10,2025-09-16 11:21:27,Cancelled
189,125,117,18,2025-04-26 15:00:32,2025-04-26 15:00:32,2025-07-02 20:57:31,Cancelled
190,114,189,34,2024-10-30 08:43:01,,,Completed
191,141,125,75,2024-10-16 05:01:27,2024-10-16 05:01:27,2025-01-11 13:59:27,Cancelled
192,123,27,32,2025-01-15 11:19:06,2025-01-15 11:19:06,2025-03-14 10:24:14,Cancelled
193,93,112,75,2025-06-08 09:59:43,2025-06-08 09:59:43,2025-07-21 16:35:28,Cancelled
194,125,76,125,2025-03-01 06:40:52,2025-03-01 06:40:52,2025-08-05 01:22:51,Cancelled
195,161,30,193,2024-09-28 13:57:30,2024-09-28 13:57:30,2025-07-28 11:27:38,Cancelled
196,171,79,174,2024-11-02 07:58:20,2024-11-02 07:58:20,2025-01-11 21:59:12,Cancelled
197,9,63,100,2025-07-09 09:12:39,2025-07-09 09:12:39,2025-07-30 01:40:31,Completed
198,152,1,168,2024-12-02 03:06:29,2024-12-02 03:06:29,2025-07-27 03:43:37,Cancelled
199,45,127,85,2024-12-29 18:53:54,2024-12-29 18:53:54,2025-03-08 02:28:34,Completed
200,142,24,199,2024-10-07 01:32:47,,,Completed
201,31,29,136,2025-06-04 07:20:45,2025-06-04 07:20:45,2025-08-07 14:59:09,Completed
202,176,177,28,2025-05-28 03:34:07,2025-05-28 03:34:07,2025-08-28 20:32:47,Cancelled
203,86,149,116,2025-08-22 20:34:40,2025-08-22 20:34:40,2025-08-26 20:21:14,Completed
204,144,173,148,2024-10-20 18:57:01,2024-10-20 18:57:01,2025-07-10 14:11:02,Cancelled
205,49,149,51,2025-08-19 21:45:22,2025-08-19 21:45:22,2025-08-29 01:33:14,Completed
206,163,137,173,2025-02-04 13:02:31,2025-02-04 13:02:31,2025-09-15 09:04:46,Completed
207,58,130,13,2025-06-05 18:14:54,2025-06-05 18:14:54,2025-08-07 06:16:29,Cancelled
208,193,161,132,2025-06-16 10:10:36,,,Cancelled
209,120,43,109,2025-07-13 07:00:34,,,Cancelled
210,200,189,131,2024-10-24 11:25:02,2024-10-24 11:25:02,2025-09-11 20:36:49,Cancelled
211,86,103,123,2025-09-07 13:43:21,2025-09-07 13:43:21,2025-09-07 17:13:33,Cancelled
212,31,51,33,2025-04-01 16:24:36,2025-04-01 16:24:36,2025-06-04 04:29:05,Cancelled
213,164,96,173,2025-06-26 05:31:13,2025-06-26 05:31:13,2025-07-30 23:21:42,Completed
214,155,167,194,2025-06-25 10:32:42,,,Completed
215,187,72,30,2024-10-06 04:51:07,2024-10-06 04:51:07,2025-01-09 13:03:49,Cancelled
216,120,46,155,2025-04-19 18:05:29,2025-04-19 18:05:29,2025-04-30 13:35:00,Cancelled
217,109,182,181,2025-04-06 01:08:10,2025-04-06 01:08:10,2025-08-12 15:26:56,Completed
218,33,188,83,2025-04-02 16:03:46,2025-04-02 16:03:46,2025-05-07 10:39:09,Completed
219,65,14,127,2025-06-28 00:53:02,2025-06-28 00:53:02,2025-09-13 08:18:19,Completed
220,48,157,58,2025-06-24 12:22:27,2025-06-24 12:22:27,2025-09-15 20:38:27,Cancelled
221,159,126,26,2025-07-27 16:28:57,2025-07-27 16:28:57,2025-09-07 19:04:08,Cancelled
222,1,142,4,2025-01-30 03:36:20,2025-01-30 03:36:20,2025-02-04 17:16:19,Cancelled
223,113,105,56,2024-11-26 19:42:27,2024-11-26 19:42:27,2024-12-15 16:26:41,Completed
224,178,34,136,2024-12-06 07:53:44,2024-12-06 07:53:44,2025-02-02 02:47:28,Cancelled
225,107,20,103,2025-02-17 22:09:06,2025-02-17 22:09:06,2025-09-09 15:51:28,Completed
226,148,31,141,2025-02-18 02:31:12,2025-02-18 02:31:12,2025-06-30 01:43:18,Cancelled
227,1,129,167,2025-05-31 00:39:06,2025-05-31 00:39:06,2025-07-16 04:04:08,Cancelled
228,184,147,45,2025-03-28 21:20:36,,,Cancelled
229,132,134,97,2024-11-25 18:56:09,2024-11-25 18:56:09,2025-05-10 23:31:48,Completed
230,142,98,103,2025-03-10 00:28:32,2025-03-10 00:28:32,2025-03-31 21:02:54,Cancelled
231,29,25,50,2024-10-09 01:12:10,2024-10-09 01:12:10,2025-02-25 16:06:26,Completed
232,179,12,27,2025-04-06 09:20:36,2025-04-06 09:20:36,2025-05-30 18:14:25,Cancelled
233,96,10,155,2025-08-12 14:22:53,2025-08-12 14:22:53,2025-09-15 23:45:14,Completed
234,178,107,37,2025-05-15 21:55:26,2025-05-15 21:55:26,2025-06-19 21:47:17,Completed
235,146,173,18,2025-09-16 22:51:54,2025-09-16 22:51:54,2025-09-17 21:14:53,Cancelled
236,25,114,191,2024-10-14 13:53:35,2024-10-14 13:53:35,2025-04-06 05:09:41,Completed
237,164,179,13,2025-04-09 14:12:44,,,Cancelled
238,1,144,82,2024-10-23 05:38:24,2024-10-23 05:38:24,2024-12-06 23:36:41,Cancelled
239,79,193,136,2025-03-10 08:53:42,2025-03-10 08:53:42,2025-08-31 16:26:12,Completed
240,78,59,163,2025-09-03 06:47:06,2025-09-03 06:47:06,2025-09-14 20:09:38,Cancelled
241,100,153,42,2024-12-03 00:19:24,2024-12-03 00:19:24,2025-03-29 02:46:58,Cancelled
242,45,8,149,2025-07-20 14:34:47,2025-07-20 14:34:47,2025-08-07 02:48:23,Completed
243,114,25,162,2025-06-02 03:38:36,2025-06-02 03:38:36,2025-08-12 11:36:39,Completed
244,160,76,129,2025-07-19 22:54:11,,,Cancelled
245,61,152,91,2025-06-22 06:07:17,2025-06-22 06:07:17,2025-06-29 17:24:29,Cancelled
246,188,6,70,2025-07-29 09:38:54,2025-07-29 09:38:54,2025-07-30 03:50:53,Completed
247,84,185,79,2025-02-14 06:00:27,2025-02-14 06:00:27,2025-08-23 20:04:59,Cancelled
248,38,167,173,2025-01-16 00:37:33,2025-01-16 00:37:33,2025-02-19 04:48:39,Cancelled
249,147,92,160,2025-01-07 07:28:15,,,Cancelled
250,113,89,103,2025-03-24 17:38:22,2025-03-24 17:38:22,2025-08-25 03:22:26,Cancelled
251,173,91,84,2025-09-14 18:16:11,2025-09-14 18:16:11,2025-09-16 13:18:02,Cancelled
252,14,11,109,2024-12-08 07:43:59,,,Completed
253,133,30,4,2024-10-31 18:26:56,2024-10-31 18:26:56,2025-08-16 16:33:00,Completed
254,110,13,147,2024-11-08 19:31:59,2024-11-08 19:31:59,2024-12-07 17:12:18,Completed
255,117,80,75,2025-09-14 01:54:23,2025-09-14 01:54:23,2025-09-17 06:21:59,Cancelled
256,112,183,12,2025-09-07 06:43:37,2025-09-07 06:43:37,2025-09-14 20:23:16,Completed
257,92,64,95,2025-04-03 10:58:56,2025-04-03 10:58:56,2025-07-10 04:27:09,Cancelled
258,177,166,62,2025-03-17 11:56:48,2025-03-17 11:56:48,2025-03-21 09:39:33,Completed
259,144,168,200,2025-01-04 05:35:58,2025-01-04 05:35:58,2025-01-17 06:41:22,Cancelled
260,101,104,158,2025-01-03 16:17:56,2025-01-03 16:17:56,2025-08-07 09:53:51,Cancelled
261,123,51,140,2025-03-16 08:33:33,2025-03-16 08:33:33,2025-07-03 19:04:23,Cancelled
262,155,23,4,2025-05-29 13:09:02,2025-05-29 13:09:02,2025-08-24 13:35:52,Cancelled
263,156,165,167,2025-02-18 11:03:14,2025-02-18 11:03:14,2025-08-13 13:59:54,Cancelled
264,37,73,118,2025-09-16 19:25:54,2025-09-16 19:25:54,2025-09-16 21:14:54,Cancelled
265,151,8,128,2025-05-14 15:09:55,2025-05-14 15:09:55,2025-08-14 04:28:46,Cancelled
266,114,193,80,2025-01-13 05:59:58,,,Cancelled
267,110,193,75,2025-02-14 09:00:57,2025-02-14 09:00:57,2025-02-26 01:56:16,Completed
268,175,129,183,2024-11-13 08:06:16,,,Cancelled
269,68,127,153,2025-05-02 19:51:33,2025-05-02 19:51:33,2025-05-11 19:48:40,Cancelled
270,127,37,176,2025-04-29 22:20:35,2025-04-29 22:20:35,2025-07-16 15:08:25,Cancelled
271,181,100,48,2025-04-20 00:06:47,2025-04-20 00:06:47,2025-07-27 20:29:10,Completed
272,60,197,132,2025-07-10 00:35:11,2025-07-10 00:35:11,2025-08-08 01:36:37,Completed
273,197,43,182,2024-12-07 01:46:29,2024-12-07 01:46:29,2025-03-24 12:40:18,Cancelled
274,42,51,1,2025-03-30 13:03:48,2025-03-30 13:03:48,2025-06-13 05:41:23,Cancelled
275,136,71,4,2025-05-22 02:45:55,2025-05-22 02:45:55,2025-08-28 20:12:00,Completed
276,169,178,16,2024-11-25 00:18:54,2024-11-25 00:18:54,2025-07-04 12:51:16,Completed
277,189,59,73,2025-07-22 18:49:30,2025-07-22 18:49:30,2025-08-30 21:26:53,Cancelled
278,22,57,147,2024-10-01 01:25:07,2024-10-01 01:25:07,2025-01-12 13:40:33,Cancelled
279,49,23,198,2025-02-19 23:41:08,,,Completed
280,159,159,118,2025-08-27 01:08:47,2025-08-27 01:08:47,2025-08-27 03:33:53,Cancelled
281,185,3,160,2025-08-13 02:51:51,2025-08-13 02:51:51,2025-09-13 06:43:05,Completed
282,73,25,53,2025-01-04 19:46:46,2025-01-04 19:46:46,2025-06-01 00:52:36,Completed
283,105,113,55,2025-02-18 11:21:15,2025-02-18 11:21:15,2025-09-16 16:48:46,Cancelled
284,191,95,83,2024-09-20 21:15:51,2024-09-20 21:15:51,2025-04-10 23:36:28,Completed
285,45,195,120,2025-07-02 02:21:41,2025-07-02 02:21:41,2025-09-14 06:05:02,Cancelled
286,104,53,53,2025-01-05 18:17:05,2025-01-05 18:17:05,2025-02-24 20:53:26,Cancelled
287,157,118,61,2025-01-05 15:23:50,2025-01-05 15:23:50,2025-05-24 00:42:10,Cancelled
288,102,92,31,2025-06-04 17:01:38,2025-06-04 17:01:38,2025-08-06 12:00:19,Completed
289,72,188,35,2024-12-18 21:45:56,2024-12-18 21:45:56,2025-04-16 07:29:56,Completed
290,153,180,42,2025-04-01 21:01:38,2025-04-01 21:01:38,2025-08-27 00:54:39,Completed
291,99,91,40,2025-07-30 17:53:54,2025-07-30 17:53:54,2025-08-09 12:02:49,Cancelled
292,128,25,167,2024-10-01 02:42:41,2024-10-01 02:42:41,2024-12-29 09:31:15,Cancelled
293,58,24,109,2025-02-14 09:28:57,2025-02-14 09:28:57,2025-04-15 05:36:57,Completed
294,109,173,50,2025-01-30 06:49:51,2025-01-30 06:49:51,2025-03-11 18:56:24,Cancelled
295,184,143,33,2025-08-16 15:34:44,2025-08-16 15:34:44,2025-09-01 23:24:27,Cancelled
296,43,190,101,2025-03-10 09:56:59,2025-03-10 09:56:59,2025-08-16 03:42:43,Completed
297,109,148,56,2025-07-28 15:56:01,2025-07-28 15:56:01,2025-08-19 11:04:26,Completed
298,66,120,154,2025-05-04 18:29:41,2025-05-04 18:29:41,2025-07-25 05:49:40,Completed
299,127,62,170,2025-05-16 20:25:19,2025-05-16 20:25:19,2025-09-03 19:27:31,Cancelled
300,48,183,18,2025-02-24 22:55:22,2025-02-24 22:55:22,2025-06-03 20:38:41,Completed
